{
  "ffmc": 182.3092041015625,
  "dmc": 75.57815551757812,
  "dc": 49.19260787963867,
  "isi": 28.33218002319336,
  "bui": 36.76646041870117,
  "fwi": 285.1414794921875,
  "temperature_c": 147.8583221435547,
  "rh_pct": 36.183692932128906,
  "wind_kmh": 36.719520568847656,
  "wind_dir_deg": 28.643537521362305,
  "precip_24h_mm": 85.33768463134766,
  "soil_moisture_1": 62.93196487426758,
  "soil_moisture_2": 56.96477508544922,
  "soil_moisture_3": 38.947696685791016,
  "soil_moisture_4": 54.75292205810547,
  "evapotrans_mm": 253.6249237060547,
  "ndvi": 420.9830322265625,
  "snow_cover": 33.514137268066406,
  "lai": 199.34805297851562,
  "elevation_m": 77.70042419433594,
  "slope_deg": 55.90125274658203,
  "aspect_deg": 33.59275817871094,
  "hillshade": 35.7453498840332,
  "distance_to_road_km": 113.8458023071289,
  "doy_sin": 70.63650512695312,
  "doy_cos": 87.81297302246094
}