{
  "ndvi": 1.248280644416809,
  "elevation_m": 1.0271722078323364,
  "dmc": 0.8791404366493225,
  "dc": 0.7380310297012329,
  "soil_moisture_2": 0.4914966821670532,
  "doy_sin": 0.4411139190196991,
  "soil_moisture_1": 0.43170830607414246,
  "ffmc": 0.42211946845054626,
  "temperature_c": 0.3051300644874573,
  "wind_kmh": 0.2765868008136749,
  "doy_cos": 0.22585639357566833,
  "bui": 0.20083965361118317,
  "rh_pct": 0.15209518373012543,
  "wind_dir_deg": 0.1415262520313263,
  "snow_cover": 0.10921904444694519,
  "fwi": 0.10885666310787201,
  "isi": 0.08544086664915085,
  "precip_24h_mm": 0.0,
  "evapotrans_mm": 0.0,
  "slope_deg": 0.0,
  "aspect_deg": 0.0,
  "hillshade": 0.0,
  "lightning_24h": 0.0,
  "lightning_72h": 0.0
}